{"cameraMode":{"drawMode":0,"name":"Shaded","section":"Shading Mode"},"sceneLighting":false,"audioPlay":false,"sceneViewState":{"m_AlwaysRefresh":false,"showFog":true,"showSkybox":false,"showFlares":true,"showImageEffects":true,"showParticleSystems":true,"showVisualEffectGraphs":true,"m_FxEnabled":true},"in2DMode":false,"pivot":{"x":0.04999995231628418,"y":1.8299999237060547,"z":-13.679999351501465},"rotation":{"x":0.028187986463308336,"y":-0.9178211092948914,"z":0.06618901342153549,"w":0.3905344009399414},"size":0.6708505749702454,"orthographic":false}